{
	"version": 1,
	"changelists": [
		{
			"guid": "00000000000000000000000000000000",
			"description": "Default Uncontrolled Changelist",
			"files": [
				"/Users/sonyjain/Downloads/InfiniteMatrixComplete/Content/InfiniteMatrix/Blueprints/BP_ThirdPersonController.uasset",
				"/Users/sonyjain/Downloads/InfiniteMatrixComplete/Content/InfiniteMatrix/Maps/TutorialMap.umap",
				"/Users/sonyjain/Downloads/InfiniteMatrixComplete/Content/InfiniteMatrix/UI/WB_Main.uasset",
				"/Users/sonyjain/Downloads/InfiniteMatrixComplete/Content/InfiniteMatrix/Blueprints/BP_Player.uasset",
				"/Users/sonyjain/Downloads/InfiniteMatrixComplete/Content/InfiniteMatrix/Blueprints/CShake.uasset",
				"/Users/sonyjain/Downloads/InfiniteMatrixComplete/Content/InfiniteMatrix/Meshes/WallChange.uasset",
				"/Users/sonyjain/Downloads/InfiniteMatrixComplete/Content/InfiniteMatrix/Blueprints/BP_TunnelSpawner.uasset",
				"/Users/sonyjain/Downloads/InfiniteMatrixComplete/Content/InfiniteMatrix/Blueprints/BP_Tunnel.uasset",
				"/Users/sonyjain/Downloads/InfiniteMatrixComplete/Content/InfiniteMatrix/Meshes/SM_Tunnel.uasset",
				"/Users/sonyjain/Downloads/InfiniteMatrixComplete/Content/InfiniteMatrix/Blueprints/GM_Tutorial.uasset",
				"/Users/sonyjain/Downloads/InfiniteMatrixComplete/Content/InfiniteMatrix/Blueprints/Healthpack.uasset",
				"/Users/sonyjain/Downloads/InfiniteMatrixComplete/Content/InfiniteMatrix/Blueprints/Enemy.uasset",
				"/Users/sonyjain/Downloads/InfiniteMatrixComplete/Content/InfiniteMatrix/Blueprints/Projectile.uasset"
			]
		}
	]
}